{
  "user": [
    {
      "name": "Mugdha",
      "email": "mug@mail.com",
      "password": "mug@123",
      "mobile": "9850909703",
      "id": 1
    },
    {
      "name": "Srushti",
      "email": "devangv@cybage.com",
      "password": "123",
      "mobile": "9632587410",
      "id": 2
    },
    {
      "name": "Unnati",
      "email": "devangv@cybage.com",
      "password": "789",
      "mobile": "7867866",
      "id": 3
    },
    {
      "name": "shrikant",
      "email": "shri@cybage.com",
      "password": "123",
      "mobile": "9763641517",
      "id": 4
    },
    {
      "name": "abhishek",
      "email": "abhishekal@cybage.com",
      "password": "123456",
      "mobile": "1267819",
      "id": 5
    },
    {
      "name": "Unnati",
      "email": "devangv@cybage.com",
      "password": "123",
      "mobile": "9763641517",
      "id": 6,
      "usercart": [
        {
          "id": 1,
          "menuid": 2,
          "quantity": 3
        },
        {
          "id": 2,
          "menuid": 5,
          "quantity": 7
        }
      ]
    },
    {
      "name": "sanskruti",
      "email": "sanskrutip@gmail.com",
      "password": "1234",
      "mobile": "123456789",
      "id": 7
    }
  ],
  "Menu": [
    {
      "id": 1,
      "image": "dimg/cart1.jpg",
      "title": "chicken",
      "price": "249"
    },
    {
      "id": 2,
      "image": "dimg/cart2.jpg",
      "title": "momos",
      "price": "549"
    },
    {
      "id": 3,
      "image": "dimg/cart3.jpg",
      "title": "pancakes",
      "price": "349"
    },
    {
      "id": 4,
      "image": "dimg/cart4.jpg",
      "title": "pancakes",
      "price": "349"
    },
    {
      "id": 5,
      "image": "dimg/cart5.jpg",
      "title": "pancakes",
      "price": "349"
    },
    {
      "id": 6,
      "image": "dimg/cart6.jpg",
      "title": "pancakes",
      "price": "349"
    },
    {
      "id": 7,
      "image": "dimg/cart7.jpg",
      "title": "pancakes",
      "price": "349"
    },
    {
      "id": 8,
      "image": "dimg/cart8.jpg",
      "title": "pancakes",
      "price": "349"
    },
    {
      "id": 9,
      "image": "dimg/cart9.jpg",
      "title": "pancakes",
      "price": "349"
    },
    {
      "id": 10,
      "image": "dimg/cart10.jpg",
      "title": "pancakes",
      "price": "349"
    },
    {
      "id": 11,
      "image": "dimg/cart11.jpg",
      "title": "pancakes",
      "price": "349"
    },
    {
      "id": 12,
      "image": "dimg/cart12.jpg",
      "title": "pancakes",
      "price": "349"
    },
    {
      "id": 13,
      "image": "dimg/cart13.png",
      "title": "",
      "price": "349"
    },
    {
      "id": 14,
      "image": "dimg/cart13.png",
      "title": "car",
      "price": "349"
    } 
    
  ]
}